group,code_identifier,frozen_value,unit,source_class,model_role,stress_or_selection_coverage
plant,dt_s,1.0,s,researcher-defined theoretical virtual input,numerical or protocol setting,fixed in reported V2 experiments
plant,engine_rated_w,300000.0,W,researcher-defined theoretical virtual input,power-split action or component constraint,fixed in reported V2 experiments
plant,engine_minimum_w,60000.0,W,researcher-defined theoretical virtual input,power-split action or component constraint,fixed in reported V2 experiments
plant,engine_ramp_w_per_s,40000.0,W/s,researcher-defined theoretical virtual input,power-split action or component constraint,fixed in reported V2 experiments
plant,engine_minimum_on_s,5.0,s,researcher-defined theoretical virtual input,power-split action or component constraint,fixed in reported V2 experiments
plant,engine_minimum_off_s,1.0,s,researcher-defined theoretical virtual input,power-split action or component constraint,fixed in reported V2 experiments
plant,engine_speed_candidates_rpm,1200.0;1500.0;1800.0,rpm,researcher-defined theoretical virtual input,power-split action or component constraint,fixed in reported V2 experiments
plant,engine_power_step_w,5000.0,W,researcher-defined theoretical virtual input,power-split action or component constraint,"10, 5, 2.5 kW action-grid audit"
plant,planetary_ratio,2.6,dimensionless,researcher-defined theoretical virtual input,power-split action or component constraint,fixed in reported V2 experiments
plant,final_drive_ratio,60.0,dimensionless,researcher-defined theoretical virtual input,power-split action or component constraint,fixed in reported V2 experiments
plant,wheel_radius_m,0.94,m,researcher-defined theoretical virtual input,power-split action or component constraint,fixed in reported V2 experiments
plant,mg1_power_limit_w,180000.0,W,researcher-defined theoretical virtual input,power-split action or component constraint,fixed in reported V2 experiments
plant,mg2_power_limit_w,180000.0,W,researcher-defined theoretical virtual input,power-split action or component constraint,fixed in reported V2 experiments
plant,mg1_speed_limit_rpm,7000.0,rpm,researcher-defined theoretical virtual input,power-split action or component constraint,fixed in reported V2 experiments
plant,mg2_speed_limit_rpm,7000.0,rpm,researcher-defined theoretical virtual input,power-split action or component constraint,fixed in reported V2 experiments
plant,battery_bus_limit_w,180000.0,W,researcher-defined theoretical virtual input,stored-energy state or constraint,fixed in reported V2 experiments
plant,electric_reserve_fraction,0.65,dimensionless,researcher-defined theoretical virtual input,numerical or protocol setting,fixed in reported V2 experiments
plant,battery_capacity_wh,200000.0,Wh,researcher-defined theoretical virtual input,stored-energy state or constraint,"120, 200, 280 kWh audit"
plant,battery_nominal_voltage_v,650.0,V,researcher-defined theoretical virtual input,stored-energy state or constraint,fixed in reported V2 experiments
plant,battery_resistance_ohm,0.045,ohm,researcher-defined theoretical virtual input,stored-energy state or constraint,fixed in reported V2 experiments
plant,soc_min,0.2,dimensionless,researcher-defined theoretical virtual input,stored-energy state or constraint,fixed in reported V2 experiments
plant,soc_max,0.8,dimensionless,researcher-defined theoretical virtual input,stored-energy state or constraint,fixed in reported V2 experiments
plant,soc_target,0.55,dimensionless,researcher-defined theoretical virtual input,stored-energy state or constraint,fixed in reported V2 experiments
plant,accessory_power_w,18000.0,W,researcher-defined theoretical virtual input,numerical or protocol setting,fixed in reported V2 experiments
plant,start_fuel_g,2.0,g,researcher-defined theoretical virtual input,numerical or protocol setting,fixed in reported V2 experiments
plant,fuel_lower_heating_value_j_kg,42700000.0,J/kg,researcher-defined theoretical virtual input,numerical or protocol setting,fixed in reported V2 experiments
controller,base_equivalence_factor,1.0,dimensionless,researcher-defined theoretical virtual input,numerical or protocol setting,"development scan: 0.8, 1.0, 1.2"
controller,proportional_gain,60.0,dimensionless,researcher-defined theoretical virtual input,controller or supervisor setting,"development scan: 20, 40, 60, 80, 120; frozen 60"
controller,integral_gain,0.0,dimensionless,researcher-defined theoretical virtual input,controller or supervisor setting,fixed in reported V2 experiments
controller,battery_throughput_weight,0.02,dimensionless,researcher-defined theoretical virtual input,stored-energy state or constraint,fixed in reported V2 experiments
controller,switching_weight_g,0.2,g,researcher-defined theoretical virtual input,controller or supervisor setting,fixed in reported V2 experiments
controller,viability_band_soc,0.045,SOC,researcher-defined theoretical virtual input,stored-energy state or constraint,"development scan: 0.008, 0.015, 0.025, 0.035, 0.045; frozen 0.045"
controller,terminal_soc_tolerance,0.001,SOC,researcher-defined theoretical virtual input,stored-energy state or constraint,1e-3 primary and 1e-4 strict audit
